player_name_input,player_name_match
Albot R ,Radu Albot
Alcaraz C ,Carlos Alcaraz
Altmaier D ,Daniel Altmaier
Arnaldi M ,Matteo Arnaldi
Auger-Aliassime F ,Felix Auger Aliassime
Baez S ,Sebastian Baez
Bagnis F ,Facundo Bagnis
Barrere G ,Gregoire Barrere
Barrios Vera T ,Tomas Barrios Vera
Basilashvili N ,Nikoloz Basilashvili
Bautista-Agut R ,Roberto Bautista Agut
Bellucci M ,Mattia Bellucci
Bergs Z ,Zizou Bergs
Berrettini M ,Matteo Berrettini
Bonzi B ,Benjamin Bonzi
Borges N ,Nuno Borges
Broady L ,Liam Broady
Brooksby J ,Jenson Brooksby
Brouwer G ,Gijs Brouwer
Bublik A ,Alexander Bublik
Cachin P ,Pedro Cachin
Carballes Baena R ,Roberto Carballes Baena
Carreno-Busta P ,Pablo Carreno Busta
Cazaux A ,Arthur Cazaux
Cecchinato M ,Marco Cecchinato
Cerundolo F ,Juan Manuel Cerundolo
Cerundolo J  M ,Francisco Cerundolo
Chardy J ,Jeremy Chardy
Choinski J ,Jan Choinski
Cobolli F ,Flavio Cobolli
Coppejans K ,Kimmer Coppejans
Coria F ,Federico Coria
Coric B ,Borna Coric
Couacaud E ,Enzo Couacaud
Cressy M ,Maxime Cressy
Daniel T ,Daniel Evans
Davidovich Fokina A ,Alejandro Davidovich Fokina
De Minaur A ,Alex De Minaur
Dellien H ,Hugo Dellien
Diaz Acosta F ,Facundo Diaz Acosta
Dimitrov G ,Grigor Dimitrov
Djere L ,Laslo Djere
Djokovic N ,Novak Djokovic
Draper J ,Jack Draper
Droguet T ,Titouan Droguet
Edmund K ,Kyle Edmund
Escobedo E ,Ernesto Escobedo
Etcheverry T  M ,Tomas Martin Etcheverry
Eubanks C ,Christopher Eubanks
Evans D ,Daniel Evans
Fery A ,Arthur Fery
Fils A ,Arthur Fils
Fognini F ,Fabio Fognini
Fritz T ,Taylor Fritz
Fucsovics M ,Marton Fucsovics
Galan D  E ,Daniel Elahi Galan
Garin C ,Cristian Garin
Gasquet R ,Richard Gasquet
Gaston H ,Hugo Gaston
Giron M ,Marcos Giron
Goffin D ,David Goffin
Gojo B ,Borna Gojo
Grenier H ,Hugo Grenier
Griekspoor T ,Tallon Griekspoor
Halys Q ,Quentin Halys
Hanfmann Y ,Yannick Hanfmann
Harris L ,Lloyd Harris
Hijikata R ,Rinky Hijikata
Holt B ,Brandon Holt
Hsu Y  H ,Yu Hsiou Hsu
Huesler M ,Marc Andrea Huesler
Humbert U ,Ugo Humbert
Hurkacz H ,Hubert Hurkacz
Isner J ,John Isner
Ivashka I ,Ilya Ivashka
Jarry N ,Nicolas Jarry
Karatsev A ,Aslan Karatsev
Kecmanovic M ,Miomir Kecmanovic
Khachanov K ,Karen Khachanov
Koepfer D ,Dominik Koepfer
Kokkinakis T ,Thanasi Kokkinakis
Korda S ,Sebastian Korda
Kotov P ,Pavel Kotov
Kovacevic A ,Aleksandar Kovacevic
Krajinovic F ,Filip Krajinovic
Krutykh O ,Oleksii Krutykh
Kubler J ,Jason Kubler
Kudla D ,Denis Kudla
Kwon S ,Soon Woo Kwon
Kypson P ,Patrick Kypson
Lajovic D ,Dusan Lajovic
Lehecka J ,Jiri Lehecka
Lestienne C ,Constant Lestienne
Loffhagen G ,George Loffhagen
Lokoli L ,Laurent Lokoli
Machac T ,Tomas Machac
Mannarino A ,Adrian Mannarino
Marozsan F ,Fabian Marozsan
Marterer M ,Maximilian Marterer
Martinez P ,Pedro Martinez
Mayot H ,Harold Mayot
McDonald M ,Mackenzie Mcdonald
Medjedovic H ,Hamad Medjedovic
Medvedev D ,Daniil Medvedev
Meligeni Alves F ,Felipe Meligeni Alves
Mensik J ,Jakub Mensik
Michelsen A ,Alex Michelsen
Millman J ,John Millman
Mmoh M ,Michael Mmoh
Mochizuki S ,Shintaro Mochizuki
Molcan A ,Alex Molcan
Monfils G ,Gael Monfils
Monteiro T ,Thiago Monteiro
Moutet C ,Corentin Moutet
Mpetshi Perricard G ,Giovanni Mpetshi Perricard
Muller A ,Alexandre Muller
Munar J ,Jaume Munar
Murray A ,Andy Murray
Musetti L ,Lorenzo Musetti
Nadal R ,Rafael Nadal
Nakashima B ,Brandon Nakashima
Nava E ,Emilio Nava
Nishioka Y ,Yoshihito Nishioka
Norrie C ,Cameron Norrie
Novak D ,Dennis Novak
Ofner S ,Sebastian Ofner
Olivieri G  A ,Genaro Alberto Olivieri
Otte O ,Oscar Otte
Paire B ,Benoit Paire
Paul T ,Tommy Paul
Pella G ,Guido Pella
Peniston R ,Ryan Peniston
Popyrin A ,Alexei Popyrin
Pospisil V ,Vasek Pospisil
Pouille L ,Lucas Pouille
Purcell M ,Max Purcell
Ramos A ,Albert Ramos
Raonic M ,Milos Raonic
Rinderknech A ,Arthur Rinderknech
Rodionov J ,Jurij Rodionov
Rublev A ,Andrey Rublev
Rune H ,Holger Rune
Rune H  (WO),Holger Rune
Ruud C ,Casper Ruud
Ruusuvuori E ,Emil Ruusuvuori
Safiullin R ,Roman Safiullin
Schwartzman D ,Diego Schwartzman
Seyboth Wild T ,Thiago Seyboth Wild
Shang J ,Juncheng Shang
Shapovalov D ,Denis Shapovalov
Shelton B ,Ben Shelton
Shevchenko A ,Alexander Shevchenko
Shimabukuro S ,Sho Shimabukuro
Sinner J ,Jannik Sinner
Skatov T ,Timofey Skatov
Sonego L ,Lorenzo Sonego
Sousa J ,Pedro Sousa
Stricker D ,Dominic Stricker
Struff J-L ,Jan Lennard Struff
Svrcina D ,Dalibor Svrcina
Thiem D ,Dominic Thiem
Thompson J ,Jordan Thompson
Tiafoe F ,Frances Tiafoe
Tirante T  A ,Thiago Agustin Tirante
Tseng C  H ,Chun Hsin Tseng
Tsitsipas S ,Stefanos Tsitsipas
Van De Zandschulp B ,Botic Van De Zandschulp
Varillas J  P ,Juan Pablo Varillas
Vavassori A ,Andrea Vavassori
Vesely J ,Jiri Vesely
Vukic A ,Aleksandar Vukic
Watanuki Y ,Yosuke Watanuki
Wawrinka S ,Stan Wawrinka
Wolf J J ,J J Wolf
Wu Y ,Yibing Wu
Ymer E ,Elias Ymer
Ymer M ,Mikael Ymer
Zapata Miralles B ,Bernabe Zapata Miralles
Zeppieri G ,Giulio Zeppieri
Zhang Z ,Zhizhen Zhang
Zverev A ,Alexander Zverev
van Assche L ,Luca Van Assche
